song_name,song_duration,song_popularity,song_number_in_album,song_external_url,song_preview_url,album_name,album_release_date,album_total_tracks,album_image_url,album_external_url,artist_name,artist_external_url
Closure,6:38,9.0,5.0,https://open.spotify.com/track/1uLvPbmVQdSazw4up0j2sD,https://p.scdn.co/mp3-preview/2e84fdf8ea983f985492c94e7ad1b44b10a304ee?cid=2490920ce5574a1a9b97a3e366c39dd3,The Valiant Fire,2015-03-27,9.0,https://i.scdn.co/image/ab67616d00001e028141ef92836a71e74e44847f,https://open.spotify.com/album/6OjCmfAeNBPt4LZt33MSBY,Damnation Angels,https://open.spotify.com/artist/2eEhQPfMLCsfp86DtyMH2D
Sons of Winter and Stars,13:31,42.0,2.0,https://open.spotify.com/track/6EJfuLTl01JoGXt8rtM1rd,https://p.scdn.co/mp3-preview/aa5fb6fbcb701649a5676d56a67165c63661bd94?cid=2490920ce5574a1a9b97a3e366c39dd3,Time I,2012-10-19,5.0,https://i.scdn.co/image/ab67616d00001e0278466f5ee5abbde34bd00535,https://open.spotify.com/album/0V32xSGyy0TyOzbc5ufoWX,Wintersun,https://open.spotify.com/artist/6ui6SwChan7c1KYBQCqGKV
The Arena,3:53,37.0,1.0,https://open.spotify.com/track/1nmaCgWSxAtNlo35OpKzW6,https://p.scdn.co/mp3-preview/3a4f2a14cd2b60ac2de3e159a63da3004fe1546c?cid=2490920ce5574a1a9b97a3e366c39dd3,The Arena,2018-04-13,1.0,https://i.scdn.co/image/ab67616d00001e02b9327fc367e7294b88577671,https://open.spotify.com/album/3O9Zy5jon3L6ARqj8za5cZ,Jason Richardson,https://open.spotify.com/artist/4fsZkYcSEUEvZK2tEjzrVY
Above the Sky,5:51,44.0,1.0,https://open.spotify.com/track/02WitL66kM2ObNDkM95rFD,https://p.scdn.co/mp3-preview/0143eb9bef4bb4b138af9989fa3375019a363e1c?cid=2490920ce5574a1a9b97a3e366c39dd3,Above the Sky,2019-06-07,12.0,https://i.scdn.co/image/ab67616d00001e02c097a06bab3b8045b498e28c,https://open.spotify.com/album/21Ddhc4WxWEWaRZbnQiOeS,Majestica,https://open.spotify.com/artist/52lkxAYfC9ypaPJ2EB22ki
Rivers Between Us,6:47,39.0,8.0,https://open.spotify.com/track/5D8vKv4c8AXWZpO9OSpMN5,https://p.scdn.co/mp3-preview/788df4efa069fd2476f390ee1ef2c1717f32a856?cid=2490920ce5574a1a9b97a3e366c39dd3,Sovran,2015-10-30,10.0,https://i.scdn.co/image/ab67616d00001e0286d9bcac5d2a564d87fb1f9a,https://open.spotify.com/album/3Dp4iMcoax0q70S9GJZvBv,Draconian,https://open.spotify.com/artist/1TX9g1uSl0B0DQIE9lBqmU
Paranomo,3:12,33.0,1.0,https://open.spotify.com/track/3rvWnI645ZIz2je56iXIyB,https://p.scdn.co/mp3-preview/4f42541b16b64c86430d8cf0028bae2649c16df3?cid=2490920ce5574a1a9b97a3e366c39dd3,Adyto,2019-03-13,12.0,https://i.scdn.co/image/ab67616d00001e02ad1bef56770866092570e2ef,https://open.spotify.com/album/2ZYRap1o9GuuxOXwY1FHev,Anser,https://open.spotify.com/artist/3peCLl6eMLh8lJyRUt4jc8
Twilight Of The Thunder God,4:08,64.0,1.0,https://open.spotify.com/track/5u3l2TONYacJgmRPQVaF9y,https://p.scdn.co/mp3-preview/9e7ec9ec1ff9939bcc4bee396b286625c1193acf?cid=2490920ce5574a1a9b97a3e366c39dd3,Twilight Of The Thunder God,2008-09-30,10.0,https://i.scdn.co/image/ab67616d00001e029203fd1f5c23f0ad92ce63fa,https://open.spotify.com/album/3j0GCUTDz53x9Mzl8L1Fwz,Amon Amarth,https://open.spotify.com/artist/3pulcT2wt7FEG10lQlqDJL
Night Call Girl,4:43,40.0,6.0,https://open.spotify.com/track/32mo62HV6UnPv93OopHCxs,https://p.scdn.co/mp3-preview/dae4bab5256ffc997c927538e9d60cce8a7650ea?cid=2490920ce5574a1a9b97a3e366c39dd3,Above the Sky,2019-06-07,12.0,https://i.scdn.co/image/ab67616d00001e02c097a06bab3b8045b498e28c,https://open.spotify.com/album/21Ddhc4WxWEWaRZbnQiOeS,Majestica,https://open.spotify.com/artist/52lkxAYfC9ypaPJ2EB22ki
Silent Tears of Frozen Princess,5:34,0.0,6.0,https://open.spotify.com/track/4JjpjTQQUTqKwCKuDnYhQP,,Tales from the Kingdom of Fife,2013-03-26,11.0,https://i.scdn.co/image/ab67616d00001e024288d3bbf662df39045410cb,https://open.spotify.com/album/6V8AwmVFJLwBv0K4KYJU8C,Gloryhammer,https://open.spotify.com/artist/7dkEByOe0oHqc54qU4hwzV
D.N.A. - Demon and Angel,4:19,40.0,2.0,https://open.spotify.com/track/72jGeL3qwyOrmByT0DUWdj,https://p.scdn.co/mp3-preview/9012e9f7a93f5a2011032f1d06e81198e8b728fd?cid=2490920ce5574a1a9b97a3e366c39dd3,Zero Gravity (Rebirth and Evolution),2019-06-28,11.0,https://i.scdn.co/image/ab67616d00001e026d83c8fae419b393565aa12a,https://open.spotify.com/album/5faBJYEVhlhQTR7InxnjmF,Turilli / Lione Rhapsody,https://open.spotify.com/artist/4jp6jGwANHkhNr6gbJNhiy
True Survivor,3:47,18.0,11.0,https://open.spotify.com/track/6CWnIJ2LM61ggbFEILAQ7O,https://p.scdn.co/mp3-preview/f4906b33f892a5a15a6d196e0ddd3adafd8480dd?cid=2490920ce5574a1a9b97a3e366c39dd3,Shadowplay,2015-09-25,12.0,https://i.scdn.co/image/ab67616d00001e023f6bd2caf0b74c2fa7bcebc4,https://open.spotify.com/album/5g0iPdxMTB7is4Haxv3Nrr,Dragony,https://open.spotify.com/artist/4ZGFYwFpBWxq6FxqilvRJT
When the Lights Are Down,3:41,52.0,2.0,https://open.spotify.com/track/44mommx98x2Dh3Ud9fdbym,https://p.scdn.co/mp3-preview/e783065c2cbf0c725c3be3a823633f43b99e1459?cid=2490920ce5574a1a9b97a3e366c39dd3,The Black Halo,2005-03-15,16.0,https://i.scdn.co/image/ab67616d00001e025b9b5d2578018c632748d8e1,https://open.spotify.com/album/6wQmnnsxRylnJYDKwwxy8r,Kamelot,https://open.spotify.com/artist/7gTbq5nTZGQIUgjEGXQpOS
Honor Him,1:19,50.0,16.0,https://open.spotify.com/track/0p21vI2StdprWPtAGftM5c,https://p.scdn.co/mp3-preview/2f6daece6e34de8f0a9df50521282a410d17165d?cid=2490920ce5574a1a9b97a3e366c39dd3,Gladiator - Music From The Motion Picture,2000-04-25,17.0,https://i.scdn.co/image/ab67616d00001e02f3a2d7f692fcad25284c5f1e,https://open.spotify.com/album/0mN9E0N4bRBD7GKktlaRI0,The Lyndhurst Orchestra,https://open.spotify.com/artist/6djeIA7Gl9v9gvnpRc1eIF
I Am the Storm,4:22,29.0,5.0,https://open.spotify.com/track/797Hv92nvrmVBaCFV2QLqV,https://p.scdn.co/mp3-preview/d17756c06f1d031ab6800cf88279ba4b862a3238?cid=2490920ce5574a1a9b97a3e366c39dd3,Chapter I - Monarchy,2020-04-03,15.0,https://i.scdn.co/image/ab67616d00001e025ef2b5cf848e8cf0e656d10b,https://open.spotify.com/album/4oc3Yo2BGbUofcp36YBIzX,Ad Infinitum,https://open.spotify.com/artist/2X3qFQFHkm1sOGo5ppIoSD
Finding Requiem,7:04,13.0,1.0,https://open.spotify.com/track/5iwivX7D5NkkUA9EzdiTsN,https://p.scdn.co/mp3-preview/e97bae3a472b30446101987d0f23196d5abb2ebe?cid=2490920ce5574a1a9b97a3e366c39dd3,The Valiant Fire,2015-03-27,9.0,https://i.scdn.co/image/ab67616d00001e028141ef92836a71e74e44847f,https://open.spotify.com/album/6OjCmfAeNBPt4LZt33MSBY,Damnation Angels,https://open.spotify.com/artist/2eEhQPfMLCsfp86DtyMH2D
Infected Monarchy,5:46,32.0,1.0,https://open.spotify.com/track/7bNE3eCS7Yb17EzzizTl2J,https://p.scdn.co/mp3-preview/8c34ead6e65b9f5904015c6968c47fc448cd4bc5?cid=2490920ce5574a1a9b97a3e366c39dd3,Chapter I - Monarchy,2020-04-03,15.0,https://i.scdn.co/image/ab67616d00001e025ef2b5cf848e8cf0e656d10b,https://open.spotify.com/album/4oc3Yo2BGbUofcp36YBIzX,Ad Infinitum,https://open.spotify.com/artist/2X3qFQFHkm1sOGo5ppIoSD
La Venus - Acoustic Version,4:40,27.0,1.0,https://open.spotify.com/track/1W44nFtYiD7WLRPUT2QNvj,https://p.scdn.co/mp3-preview/751c0114bf829f5cf626f7ec46b9d0ce0ee0c509?cid=2490920ce5574a1a9b97a3e366c39dd3,We Are X Soundtrack,2017-03-03,14.0,https://i.scdn.co/image/ab67616d00001e0252ca83183259884818af579c,https://open.spotify.com/album/1WRUpGFTIuhkpvmAABjjzI,X JAPAN,https://open.spotify.com/artist/4VrqQQy6X0hlMtqY5gp6Wx
See You In Hell,3:49,47.0,4.0,https://open.spotify.com/track/5JfXImbIiGSH2tOUWnGJty,https://p.scdn.co/mp3-preview/b8d5cbcfc074be8f58c88f0fa0604ab9986c49b5?cid=2490920ce5574a1a9b97a3e366c39dd3,Chapter I - Monarchy,2020-04-03,15.0,https://i.scdn.co/image/ab67616d00001e025ef2b5cf848e8cf0e656d10b,https://open.spotify.com/album/4oc3Yo2BGbUofcp36YBIzX,Ad Infinitum,https://open.spotify.com/artist/2X3qFQFHkm1sOGo5ppIoSD
Marching On Versailles,3:52,43.0,2.0,https://open.spotify.com/track/55soLA9gH7BZYJI4nC7YCq,https://p.scdn.co/mp3-preview/1889283aa820919cdaa7b8e81b6c9e3770692150?cid=2490920ce5574a1a9b97a3e366c39dd3,Chapter I - Monarchy,2020-04-03,15.0,https://i.scdn.co/image/ab67616d00001e025ef2b5cf848e8cf0e656d10b,https://open.spotify.com/album/4oc3Yo2BGbUofcp36YBIzX,Ad Infinitum,https://open.spotify.com/artist/2X3qFQFHkm1sOGo5ppIoSD
Lost in Forever,4:48,38.0,1.0,https://open.spotify.com/track/0NS3Lon2aNCcIzl7jf2GuF,https://p.scdn.co/mp3-preview/5efa4aa1366657360121b2e183c5e201ed39a9c7?cid=2490920ce5574a1a9b97a3e366c39dd3,Lost in Forever (Tour Edition),2019-06-07,17.0,https://i.scdn.co/image/ab67616d00001e02052235be1f0f0deba057a480,https://open.spotify.com/album/2rXXUN9fHQPQIFoC6X02dq,Beyond The Black,https://open.spotify.com/artist/6swnqiL41Bd4gO2fnAXXrf
"Someone Else, Pt. 2",5:53,11.0,6.0,https://open.spotify.com/track/0G7PB21lJjVXk179sKqMR5,https://p.scdn.co/mp3-preview/20417b51eec21c3471887859e6bb96171e1b5f60?cid=2490920ce5574a1a9b97a3e366c39dd3,Bringer of Light,2013-02-22,10.0,https://i.scdn.co/image/ab67616d00001e02201d8352d84632d649754ea7,https://open.spotify.com/album/1FXcnaUWLKNQIeM4hFl6tW,Damnation Angels,https://open.spotify.com/artist/2eEhQPfMLCsfp86DtyMH2D
Final Breath,5:36,10.0,1.0,https://open.spotify.com/track/6JmzfkojV1f2CNQbQkeMbx,https://p.scdn.co/mp3-preview/7781d91c7456ca9632d07778c17fd8cea07aede3?cid=2490920ce5574a1a9b97a3e366c39dd3,Final Breath,2013-07-07,15.0,https://i.scdn.co/image/ab67616d00001e02df7d2995f94fb3af08cc1709,https://open.spotify.com/album/3vk3INkm68tCYT3iVsA8Od,Break My Fucking Sky,https://open.spotify.com/artist/3mFTiX7WrhpcmoJLghp54A
Death and the Healing,7:12,41.0,5.0,https://open.spotify.com/track/6EAsLKCDMQV3BRRb9OdaMJ,https://p.scdn.co/mp3-preview/29a0d4ebffdc676a3996269b81cc6db866f37126?cid=2490920ce5574a1a9b97a3e366c39dd3,Wintersun,2004-09-13,8.0,https://i.scdn.co/image/ab67616d00001e023f6b821335fde5ee3999f4e9,https://open.spotify.com/album/5vlG5D2TCZzvWYAevPVYCI,Wintersun,https://open.spotify.com/artist/6ui6SwChan7c1KYBQCqGKV
Life,13:29,19.0,8.0,https://open.spotify.com/track/2DaSwcRp21ynM2IT3S3ppE,https://p.scdn.co/mp3-preview/a4909d199a5400576797a859ead940f9f84e7c5e?cid=2490920ce5574a1a9b97a3e366c39dd3,Transience,2018-06-29,8.0,https://i.scdn.co/image/ab67616d00001e02893d1061b717beb72de7ac96,https://open.spotify.com/album/2wjL4AP3mnAifo7InViJBf,Shylmagoghnar,https://open.spotify.com/artist/0sfWl1dWLgEtMy9oFnNoDA
Karma,5:10,41.0,6.0,https://open.spotify.com/track/3txTmJ7Hu8DSOy6RTzSKnV,https://p.scdn.co/mp3-preview/92bc21006889fa25c971dd649ac9f6754e94135a?cid=2490920ce5574a1a9b97a3e366c39dd3,Karma,2001-07-19,13.0,https://i.scdn.co/image/ab67616d00001e02fce4f69ac6649d8bfb408228,https://open.spotify.com/album/38ME21jLMmxESrK1GFmk6k,Kamelot,https://open.spotify.com/artist/7gTbq5nTZGQIUgjEGXQpOS
This Is Who We Are,5:16,10.0,3.0,https://open.spotify.com/track/1soQioDEI2VnBLCYxfggpC,https://p.scdn.co/mp3-preview/8915ea5de688e2689f29d5722333ae8f9ea61f34?cid=2490920ce5574a1a9b97a3e366c39dd3,The Valiant Fire,2015-03-27,9.0,https://i.scdn.co/image/ab67616d00001e028141ef92836a71e74e44847f,https://open.spotify.com/album/6OjCmfAeNBPt4LZt33MSBY,Damnation Angels,https://open.spotify.com/artist/2eEhQPfMLCsfp86DtyMH2D
Icarus Syndrome,5:26,11.0,2.0,https://open.spotify.com/track/2s6hZEdj3K3TN4MWUypf1a,https://p.scdn.co/mp3-preview/0aa6e70d9ffbf111e188b69739be50dd975afebf?cid=2490920ce5574a1a9b97a3e366c39dd3,The Valiant Fire,2015-03-27,9.0,https://i.scdn.co/image/ab67616d00001e028141ef92836a71e74e44847f,https://open.spotify.com/album/6OjCmfAeNBPt4LZt33MSBY,Damnation Angels,https://open.spotify.com/artist/2eEhQPfMLCsfp86DtyMH2D
Ad Infinitum,7:08,6.0,2.0,https://open.spotify.com/track/61OCizJgUBZQAtgOC8Pfbh,https://p.scdn.co/mp3-preview/704ae5050aaab80bd22ed3fc3bf5f872cca7c89b?cid=2490920ce5574a1a9b97a3e366c39dd3,Dark Lights of Delirium,2018-08-18,9.0,https://i.scdn.co/image/ab67616d00001e0283aa6293be8fb653eaed8bc5,https://open.spotify.com/album/0Vrq3djLOTycudgWyuOibF,Sōlborn,https://open.spotify.com/artist/6OZxe9BMfBya7y1PkoZl0h
Reborn,4:21,12.0,3.0,https://open.spotify.com/track/373crAFbPE4uwBmFsgpJeU,https://p.scdn.co/mp3-preview/63e1108e3ab29180b0a1dd04e08ce0e8e85d0444?cid=2490920ce5574a1a9b97a3e366c39dd3,Bringer of Light,2013-02-22,10.0,https://i.scdn.co/image/ab67616d00001e02201d8352d84632d649754ea7,https://open.spotify.com/album/1FXcnaUWLKNQIeM4hFl6tW,Damnation Angels,https://open.spotify.com/artist/2eEhQPfMLCsfp86DtyMH2D
If It Bleeds We Can Kill It,4:32,37.0,1.0,https://open.spotify.com/track/3BsT7xB5kUsCDrmkBvkYVF,https://p.scdn.co/mp3-preview/c4819f3c2dd038faacff494070bae2cdcad3ee9a?cid=2490920ce5574a1a9b97a3e366c39dd3,If It Bleeds We Can Kill It,2018-09-14,1.0,https://i.scdn.co/image/ab67616d00001e02e665b3af8bec4e66915e5351,https://open.spotify.com/album/4EMsdw57tvF5Y2MPREXU4O,Dragony,https://open.spotify.com/artist/4ZGFYwFpBWxq6FxqilvRJT
The Bard's Song - In the Forest - Remastered 2007,3:09,58.0,7.0,https://open.spotify.com/track/7xPGvZaG9W7UOrCgEwbONe,https://p.scdn.co/mp3-preview/472a627f56332569078ddea7f20bb8990b845e1e?cid=2490920ce5574a1a9b97a3e366c39dd3,Somewhere Far Beyond (Remastered 2007),2017-09-19,15.0,https://i.scdn.co/image/ab67616d00001e02e8c8f9410e7fe5fc25910fc2,https://open.spotify.com/album/4oruHZSLyTDKPNY2VQIlCS,Blind Guardian,https://open.spotify.com/artist/7jxJ25p0pPjk0MStloN6o6
Crimson Bow and Arrow,5:42,50.0,1.0,https://open.spotify.com/track/31XLeIFY68pll9LNu1IkXV,https://p.scdn.co/mp3-preview/d9906148455c65cbc31423f1827bb128c4f97727?cid=2490920ce5574a1a9b97a3e366c39dd3,Epica vs. Attack on Titan Songs,2018-07-20,8.0,https://i.scdn.co/image/ab67616d00001e020cca043a845cf671adcab58b,https://open.spotify.com/album/56nnXtBQCyeSTWpVkjDQM3,Epica,https://open.spotify.com/artist/5HA5aLY3jJV7eimXWkRBBp
Phoenix Rising,6:14,30.0,1.0,https://open.spotify.com/track/5WnvNlFNRow96ktCNKDcpP,https://p.scdn.co/mp3-preview/3ec31bb5ba4b2806e02d04a526a7995ba8930c22?cid=2490920ce5574a1a9b97a3e366c39dd3,Zero Gravity (Rebirth and Evolution),2019-06-28,11.0,https://i.scdn.co/image/ab67616d00001e026d83c8fae419b393565aa12a,https://open.spotify.com/album/5faBJYEVhlhQTR7InxnjmF,Turilli / Lione Rhapsody,https://open.spotify.com/artist/4jp6jGwANHkhNr6gbJNhiy
When Time Fades Away,4:07,33.0,1.0,https://open.spotify.com/track/3e4hga1m26s0WqeIodSIH3,https://p.scdn.co/mp3-preview/ff9fee06b8da1ad95affd83c7a880b792cf3a904?cid=2490920ce5574a1a9b97a3e366c39dd3,Time I,2012-10-19,5.0,https://i.scdn.co/image/ab67616d00001e0278466f5ee5abbde34bd00535,https://open.spotify.com/album/0V32xSGyy0TyOzbc5ufoWX,Wintersun,https://open.spotify.com/artist/6ui6SwChan7c1KYBQCqGKV
Himmelsrand,2:33,49.0,4.0,https://open.spotify.com/track/7ldJhE5mB9ukNh3OjuX85T,https://p.scdn.co/mp3-preview/dc0ba3ce4325eee90ace22de8502556aa9d3a430?cid=2490920ce5574a1a9b97a3e366c39dd3,Waldschrein,2013-08-09,5.0,https://i.scdn.co/image/ab67616d00001e0239af9a0f9ce131e3e9c92388,https://open.spotify.com/album/0sorMRVSUovc4VAEkPCCWD,Equilibrium,https://open.spotify.com/artist/5KvkOKroKLz202ioXfGWR2
The Pursuit Of Vikings,4:30,57.0,4.0,https://open.spotify.com/track/0sObxZUKqdPfgjG9ahSlP5,https://p.scdn.co/mp3-preview/2cec7937dd721879d795ade19fe818236cbcee96?cid=2490920ce5574a1a9b97a3e366c39dd3,Fate of Norns,2004,8.0,https://i.scdn.co/image/ab67616d00001e0295e7594a7df822c720d45867,https://open.spotify.com/album/6eQNR9fAkQUFiIwJOVLt8N,Amon Amarth,https://open.spotify.com/artist/3pulcT2wt7FEG10lQlqDJL
Starscape,4:44,20.0,1.0,https://open.spotify.com/track/3IfpyM74r7P3NXtjyyzgat,https://p.scdn.co/mp3-preview/00d5e6c9288eed96fa620468a1ead76f95301b7a?cid=2490920ce5574a1a9b97a3e366c39dd3,Starscape,2018-08-08,1.0,https://i.scdn.co/image/ab67616d00001e02c3a267ec42d84be44e847c13,https://open.spotify.com/album/1ck4OZc3ONcKReKcFS5jfT,Erik Ekholm,https://open.spotify.com/artist/2ILC8RBzrhyAE3MPfBe9sQ
Beast of Oblivion,4:52,18.0,3.0,https://open.spotify.com/track/3iy4s2X2SKl0dUPv2sewTW,https://p.scdn.co/mp3-preview/68e8070ed9851e30731a418d5b81cd70b7011c47?cid=2490920ce5574a1a9b97a3e366c39dd3,Dark Lights of Delirium,2018-08-18,9.0,https://i.scdn.co/image/ab67616d00001e0283aa6293be8fb653eaed8bc5,https://open.spotify.com/album/0Vrq3djLOTycudgWyuOibF,Sōlborn,https://open.spotify.com/artist/6OZxe9BMfBya7y1PkoZl0h
Oceano,4:02,20.0,11.0,https://open.spotify.com/track/0xtxrCvkBbFQ2SI7oiEIRg,https://p.scdn.co/mp3-preview/2b9b5dc109ec9d554f21ae67399a29ca523cde37?cid=2490920ce5574a1a9b97a3e366c39dd3,Zero Gravity (Rebirth and Evolution),2019-06-28,11.0,https://i.scdn.co/image/ab67616d00001e026d83c8fae419b393565aa12a,https://open.spotify.com/album/5faBJYEVhlhQTR7InxnjmF,Turilli / Lione Rhapsody,https://open.spotify.com/artist/4jp6jGwANHkhNr6gbJNhiy
Wings of Madness,5:51,26.0,1.0,https://open.spotify.com/track/3grQiRfMVcH8hhWbJwhTDE,https://p.scdn.co/mp3-preview/fefabe01b6344c384d540f51a8854638e197c10e?cid=2490920ce5574a1a9b97a3e366c39dd3,War of Ages,2013-03-22,12.0,https://i.scdn.co/image/ab67616d00001e022b146ac49b2120ef22b1d05b,https://open.spotify.com/album/3u1uN67E4yun4pIWLoTRgg,Serenity,https://open.spotify.com/artist/3cdasOCLRe8dKjzjowtzNW
The Human Paradox,4:22,48.0,1.0,https://open.spotify.com/track/5aTzDzHFJom3lMA8QFv6PE,https://p.scdn.co/mp3-preview/347453c5eafcacf5af6acc35da4bfec008465485?cid=2490920ce5574a1a9b97a3e366c39dd3,Titanic Mass,2016-04-15,13.0,https://i.scdn.co/image/ab67616d00001e02a22e875e473322c7c7ccd53c,https://open.spotify.com/album/6dWip7Y2FVEPTrioXKlgbO,Dynazty,https://open.spotify.com/artist/5deRBvKxJssHVa9n6B7tWV
I Am the Abyss,8:50,40.0,1.0,https://open.spotify.com/track/3Op2bVsGwXrHxWs7XhR5bX,https://p.scdn.co/mp3-preview/b506f9e7cb161139fc17d3668f812de3c9d7fd5b?cid=2490920ce5574a1a9b97a3e366c39dd3,Emergence,2014-02-28,9.0,https://i.scdn.co/image/ab67616d00001e027581230e7e5f78fb8489ef91,https://open.spotify.com/album/1NfBFQ6fMQ7VukwFYQuS4I,Shylmagoghnar,https://open.spotify.com/artist/0sfWl1dWLgEtMy9oFnNoDA
The Chosen Ones,5:02,57.0,6.0,https://open.spotify.com/track/7FQvFYg88JndjHvd5tBxwI,https://p.scdn.co/mp3-preview/516371ed5b30dc8b83bb7dc0892219ce0d95c68b?cid=2490920ce5574a1a9b97a3e366c39dd3,Dragonslayer,2002-07-13,12.0,https://i.scdn.co/image/ab67616d00001e02b1b987d182eba3af75bf48bf,https://open.spotify.com/album/75e23vS6UP1bZWkVphKGiD,Dream Evil,https://open.spotify.com/artist/1bkf8u8ot6vEpWTJFBzKZB
Eagle Fly Free,5:08,54.0,2.0,https://open.spotify.com/track/3aJymuSkVjznisc20MND55,https://p.scdn.co/mp3-preview/0484f827c51b04c7fa52fdd74cb1e3f70f1566f3?cid=2490920ce5574a1a9b97a3e366c39dd3,"Keeper of the Seven Keys, Pt. II (Expanded Edition)",1988,15.0,https://i.scdn.co/image/ab67616d00001e023ab4dc4b31ad6870b455ac80,https://open.spotify.com/album/0C00ibrtAGw59osJUg5qOO,Helloween,https://open.spotify.com/artist/4pQN0GB0fNEEOfQCaWotsY
Zero Gravity,5:53,24.0,3.0,https://open.spotify.com/track/5D7H3jQFz8dK8q92Or6vM8,https://p.scdn.co/mp3-preview/ee70ad5a216c7ea75d47ee484bf9c067d121205f?cid=2490920ce5574a1a9b97a3e366c39dd3,Zero Gravity (Rebirth and Evolution),2019-06-28,11.0,https://i.scdn.co/image/ab67616d00001e026d83c8fae419b393565aa12a,https://open.spotify.com/album/5faBJYEVhlhQTR7InxnjmF,Turilli / Lione Rhapsody,https://open.spotify.com/artist/4jp6jGwANHkhNr6gbJNhiy
Forever and One (Neverland),3:54,55.0,5.0,https://open.spotify.com/track/0B6qYQS41EcbC66r7c4DBB,https://p.scdn.co/mp3-preview/ad02c0e706616c5615edfdf4322189a6982d9bfb?cid=2490920ce5574a1a9b97a3e366c39dd3,The Time of the Oath,1996-02-29,20.0,https://i.scdn.co/image/ab67616d00001e023f76bb87b836986c30f14ff4,https://open.spotify.com/album/5hx4UkhFj4gaUA0mjNr9D4,Helloween,https://open.spotify.com/artist/4pQN0GB0fNEEOfQCaWotsY
Ekeino To Tipota,3:34,36.0,4.0,https://open.spotify.com/track/0glfTuUIhuNzNofc0p9b1x,https://p.scdn.co/mp3-preview/c063efec449dbadda483c01c986ce5966b70c965?cid=2490920ce5574a1a9b97a3e366c39dd3,Adyto,2019-03-13,12.0,https://i.scdn.co/image/ab67616d00001e02ad1bef56770866092570e2ef,https://open.spotify.com/album/2ZYRap1o9GuuxOXwY1FHev,Anser,https://open.spotify.com/artist/3peCLl6eMLh8lJyRUt4jc8
Rising Tide,5:28,35.0,2.0,https://open.spotify.com/track/76BnKXeTKVishfp3cachG8,https://p.scdn.co/mp3-preview/68dcbc94a91c009e3ac134530ab2779b4bc0c6d4?cid=2490920ce5574a1a9b97a3e366c39dd3,Above the Sky,2019-06-07,12.0,https://i.scdn.co/image/ab67616d00001e02c097a06bab3b8045b498e28c,https://open.spotify.com/album/21Ddhc4WxWEWaRZbnQiOeS,Majestica,https://open.spotify.com/artist/52lkxAYfC9ypaPJ2EB22ki
The Frontiersman,9:26,10.0,4.0,https://open.spotify.com/track/43LTBUA8nPfm7awbfoLlRY,https://p.scdn.co/mp3-preview/8750b80b2bd8f42ca97122912958ecc8b8eba709?cid=2490920ce5574a1a9b97a3e366c39dd3,The Valiant Fire,2015-03-27,9.0,https://i.scdn.co/image/ab67616d00001e028141ef92836a71e74e44847f,https://open.spotify.com/album/6OjCmfAeNBPt4LZt33MSBY,Damnation Angels,https://open.spotify.com/artist/2eEhQPfMLCsfp86DtyMH2D
Starbreathe,6:04,1.0,7.0,https://open.spotify.com/track/0d4djcbgvUDfZL36z9lC3U,https://p.scdn.co/mp3-preview/7654c0d16f262b1865c97a42c95d1bc13defc3f6?cid=2490920ce5574a1a9b97a3e366c39dd3,Dark Lights of Delirium,2018-08-18,9.0,https://i.scdn.co/image/ab67616d00001e0283aa6293be8fb653eaed8bc5,https://open.spotify.com/album/0Vrq3djLOTycudgWyuOibF,Sōlborn,https://open.spotify.com/artist/6OZxe9BMfBya7y1PkoZl0h
